time,S,v
0.1,0.1,0.026411784
0.2,0.2,0.048206537
0.3,0.3,0.068761986
0.5,0.5,0.10953677
1,1,0.178863489
1.5,1.5,0.197308226
2,2,0.223058407
3,3,0.240376704
